{"loss": [0.486497700214386, 0.4168601632118225, 0.3650582432746887, 0.32077497243881226, 0.28792762756347656, 0.2666935324668884, 0.24550175666809082, 0.22045426070690155, 0.1996757537126541, 0.18562190234661102, 0.16732151806354523, 0.15748031437397003, 0.15002518892288208, 0.14268681406974792, 0.1384250670671463, 0.1292131394147873, 0.1283113956451416, 0.12319613248109818, 0.11841769516468048, 0.11463851481676102, 0.11355328559875488, 0.1083819568157196, 0.10528000444173813, 0.1014111340045929, 0.09730570763349533], "MCRMSE": [0.486497700214386, 0.4168601632118225, 0.3650582432746887, 0.32077497243881226, 0.28792762756347656, 0.2666935324668884, 0.24550175666809082, 0.22045426070690155, 0.1996757537126541, 0.18562190234661102, 0.16732151806354523, 0.15748031437397003, 0.15002518892288208, 0.14268681406974792, 0.1384250670671463, 0.1292131394147873, 0.1283113956451416, 0.12319613248109818, 0.11841769516468048, 0.11463851481676102, 0.11355328559875488, 0.1083819568157196, 0.10528000444173813, 0.1014111340045929, 0.09730570763349533], "val_loss": [0.4670155644416809, 0.443781316280365, 0.45891034603118896, 0.4463605582714081, 0.46683719754219055, 0.45068350434303284, 0.4592999219894409, 0.4509313702583313, 0.45440030097961426, 0.4584134817123413, 0.4593338966369629, 0.45584219694137573, 0.45266637206077576, 0.4514225423336029, 0.44797173142433167, 0.45793452858924866, 0.4445943236351013, 0.4494341015815735, 0.4464275538921356, 0.45099812746047974, 0.4454994797706604, 0.4464033544063568, 0.45002657175064087, 0.4451846480369568, 0.44202476739883423], "val_MCRMSE": [0.4670155644416809, 0.443781316280365, 0.45891034603118896, 0.4463605582714081, 0.46683719754219055, 0.45068350434303284, 0.4592999219894409, 0.4509313702583313, 0.45440030097961426, 0.4584134817123413, 0.4593338966369629, 0.45584219694137573, 0.45266637206077576, 0.4514225423336029, 0.44797173142433167, 0.45793452858924866, 0.4445943236351013, 0.4494341015815735, 0.4464275538921356, 0.45099812746047974, 0.4454994797706604, 0.4464033544063568, 0.45002657175064087, 0.4451846480369568, 0.44202476739883423]}