{"loss": [0.8012470006942749, 0.5630247592926025, 0.5565518736839294, 0.5553680658340454, 0.5514611601829529, 0.5438314080238342, 0.5340473055839539, 0.5191813111305237, 0.5101017355918884, 0.49734771251678467, 0.49943339824676514, 0.49306151270866394, 0.49020135402679443, 0.48532959818840027, 0.4832874536514282, 0.47894561290740967, 0.4794844090938568, 0.47606727480888367, 0.47378048300743103, 0.4707631468772888, 0.47181662917137146, 0.4690331220626831, 0.4622923731803894, 0.46544119715690613, 0.4608984887599945, 0.4618304669857025, 0.4567420780658722, 0.45572429895401, 0.4460531175136566, 0.4502108097076416, 0.44403666257858276, 0.44933509826660156, 0.4400978684425354, 0.4455040991306305, 0.43997493386268616, 0.4380166232585907, 0.42877188324928284, 0.4290151000022888, 0.43651723861694336, 0.42925897240638733, 0.4310767948627472, 0.42694661021232605, 0.4263978898525238, 0.41928085684776306, 0.4185517430305481, 0.4193669855594635, 0.41508814692497253, 0.4202093780040741, 0.413666695356369, 0.4135158658027649], "MCRMSE": [0.8012470006942749, 0.5630247592926025, 0.5565518736839294, 0.5553680658340454, 0.5514611601829529, 0.5438314080238342, 0.5340473055839539, 0.5191813111305237, 0.5101017355918884, 0.49734771251678467, 0.49943339824676514, 0.49306151270866394, 0.49020135402679443, 0.48532959818840027, 0.4832874536514282, 0.47894561290740967, 0.4794844090938568, 0.47606727480888367, 0.47378048300743103, 0.4707631468772888, 0.47181662917137146, 0.4690331220626831, 0.4622923731803894, 0.46544119715690613, 0.4608984887599945, 0.4618304669857025, 0.4567420780658722, 0.45572429895401, 0.4460531175136566, 0.4502108097076416, 0.44403666257858276, 0.44933509826660156, 0.4400978684425354, 0.4455040991306305, 0.43997493386268616, 0.4380166232585907, 0.42877188324928284, 0.4290151000022888, 0.43651723861694336, 0.42925897240638733, 0.4310767948627472, 0.42694661021232605, 0.4263978898525238, 0.41928085684776306, 0.4185517430305481, 0.4193669855594635, 0.41508814692497253, 0.4202093780040741, 0.413666695356369, 0.4135158658027649], "val_loss": [0.6531000733375549, 0.6283888816833496, 0.6515523195266724, 0.6114962697029114, 0.5807554125785828, 0.5593360662460327, 0.5806558728218079, 0.5663070678710938, 0.5578876733779907, 0.6025254726409912, 0.5221219062805176, 0.5433775186538696, 0.5697997808456421, 0.5500302910804749, 0.5271092057228088, 0.523832380771637, 0.5450359582901001, 0.5648534893989563, 0.526136577129364, 0.6362318992614746, 0.534515917301178, 0.5248661637306213, 0.5550488233566284, 0.5935323238372803, 0.5850256681442261, 0.5422326922416687, 0.4928208291530609, 0.5123339891433716, 0.5071612596511841, 0.5100332498550415, 0.5092568397521973, 0.5280791521072388, 0.5163583755493164, 0.5954749584197998, 0.4953095316886902, 0.49941539764404297, 0.5052652955055237, 0.49645474553108215, 0.5081151127815247, 0.5198086500167847, 0.4828430414199829, 0.524526834487915, 0.5160290002822876, 0.486908882856369, 0.5392321944236755, 0.5099679827690125, 0.5256231427192688, 0.4994348883628845, 0.5328484773635864, 0.5221543312072754], "val_MCRMSE": [0.6531914472579956, 0.628498911857605, 0.6515350341796875, 0.6114900708198547, 0.5807293653488159, 0.5595690011978149, 0.5804325342178345, 0.5664993524551392, 0.5581312775611877, 0.6025082468986511, 0.5226539969444275, 0.5437254905700684, 0.5698859691619873, 0.5502857565879822, 0.527742326259613, 0.5244015455245972, 0.545314610004425, 0.5648589134216309, 0.5266748666763306, 0.6358499526977539, 0.534954309463501, 0.5255562663078308, 0.5553649067878723, 0.5934433341026306, 0.5849458575248718, 0.5424976944923401, 0.49373292922973633, 0.5128951668739319, 0.5080378651618958, 0.5106606483459473, 0.5097651481628418, 0.5284639596939087, 0.5168879628181458, 0.5953744053840637, 0.49624884128570557, 0.5002237558364868, 0.5058851838111877, 0.4972614347934723, 0.5089045166969299, 0.5203914642333984, 0.48400408029556274, 0.5248835682868958, 0.5164611339569092, 0.4878927767276764, 0.5395611524581909, 0.5107249617576599, 0.526093602180481, 0.5002284049987793, 0.533140242099762, 0.5227309465408325]}